name_ro,name_jp
Hokkaido,–kŠC“¹
Aomori-ken,ÂXŒ§
Iwate-ken,ŠâèŒ§
Miyagi-ken,‹{éŒ§
Akita-ken,H“cŒ§
Yamagata-ken,RŒ`Œ§
Fukushima-ken,•Ÿ“‡Œ§
Ibaraki-ken,ˆïéŒ§
Tochigi-ken,“È–ØŒ§
Gumma-ken,ŒQ”nŒ§
Saitama-ken,é‹ÊŒ§
Chiba-ken,ç—tŒ§
Tokyo-to,“Œ‹“s
Kanagawa-ken,_“ŞìŒ§
Niigata-ken,VŠƒŒ§
Toyama-ken,•xRŒ§
Ishikawa-ken,ÎìŒ§
Fukui-ken,•ŸˆäŒ§
Yamanashi-ken,R—œŒ§
Nagano-ken,’·–ìŒ§
Gifu-ken,Šò•ŒŒ§
Shizuoka-ken,Ã‰ªŒ§
Aichi-ken,ˆ¤’mŒ§
Mie-ken,OdΤ
Shiga-ken, ‰êŒ§
Kyoto-fu,‹“s•{
Osaka-fu,‘åã•{
Hyogo-ken,•ºŒÉŒ§
Nara-ken,“Ş—ÇŒ§
Wakayama-ken,˜a‰ÌRŒ§
Tottori-ken,’¹æŒ§
Shimane-ken,“‡ªŒ§
Okayama-ken,‰ªRŒ§
Hiroshima-ken,L“‡Œ§
Yamaguchi-ken,RΞΤ
Tokushima-ken,“¿“‡Œ§
Kagawa-ken,쌧
Ehime-ken,ˆ¤•QŒ§
Kochi-ken,‚’mŒ§
Fukuoka-ken,•Ÿ‰ªŒ§
Saga-ken,²‰êŒ§
Nagasaki-ken,’·èŒ§
Kumamoto-ken,ŒF–{Œ§
Oita-ken,‘å•ªŒ§
Miyazaki-ken,‹{èŒ§
Kagoshima-ken,­™“‡Œ§
Okinawa-ken,‰«“êŒ§
